{
  "runtimeOptions": {
    "tfm": "net9.0",
    "frameworks": [
      {
        "name": "Microsoft.NETCore.App",
        "version": "9.0.0"
      },
      {
        "name": "Microsoft.WindowsDesktop.App",
        "version": "9.0.0"
      }
    ],
    "runtimeOptions": {
      "tfm": "net7.0",
      "frameworks": [
        {
          "name": "Microsoft.NETCore.App",
          "version": "7.0.5"
        },
        {
          "name": "Microsoft.WindowsDesktop.App",
          "version": "7.0.5"
        }
      ],
      "configProperties": {
        "System.Reflection.Metadata.MetadataUpdater.IsSupported": false
      }
    },
    "configProperties": {
      "CSWINRT_ENABLE_DYNAMIC_OBJECTS_SUPPORT": true,
      "CSWINRT_USE_EXCEPTION_RESOURCE_KEYS": false,
      "CSWINRT_ENABLE_DEFAULT_CUSTOM_TYPE_MAPPINGS": true,
      "CSWINRT_ENABLE_ICUSTOMPROPERTYPROVIDER_SUPPORT": true,
      "CSWINRT_ENABLE_IREFERENCE_SUPPORT": true,
      "CSWINRT_ENABLE_IDYNAMICINTERFACECASTABLE": true,
      "System.Reflection.Metadata.MetadataUpdater.IsSupported": false,
      "System.Runtime.Serialization.EnableUnsafeBinaryFormatterSerialization": false,
      "CSWINRT_USE_WINDOWS_UI_XAML_PROJECTIONS": false
    }
  }
}